datetime,riskfree_rate
2016/1/4,2.3968
2016/1/5,2.4124
2016/1/6,2.403
2016/1/7,2.4211
2016/1/8,2.3959
2016/1/11,2.3992
2016/1/12,2.3687
2016/1/13,2.3355
2016/1/14,2.3212
2016/1/15,2.3484
2016/1/18,2.357
2016/1/19,2.3724
2016/1/20,2.3826
2016/1/21,2.4001
2016/1/22,2.4011
2016/1/25,2.399
2016/1/26,2.4238
2016/1/27,2.4785
2016/1/28,2.4449
2016/1/29,2.431
2016/2/1,2.3285
2016/2/2,2.3362
2016/2/3,2.3401
2016/2/4,2.3631
2016/2/5,2.3442
2016/2/6,2.3448
2016/2/14,2.3288
2016/2/15,2.3307
2016/2/16,2.3361
2016/2/17,2.3251
2016/2/18,2.2943
2016/2/19,2.249
2016/2/22,2.2812
2016/2/23,2.2727
2016/2/24,2.2798
2016/2/25,2.2644
2016/2/26,2.2736
2016/2/29,2.2622
2016/3/1,2.1934
2016/3/2,2.2175
2016/3/3,2.192
2016/3/4,2.1923
2016/3/7,2.1977
2016/3/8,2.1927
2016/3/9,2.197
2016/3/10,2.193
2016/3/11,2.1741
2016/3/14,2.1506
2016/3/15,2.1263
2016/3/16,2.097
2016/3/17,2.0727
2016/3/18,2.0733
2016/3/21,2.0355
2016/3/22,2.0557
2016/3/23,2.0555
2016/3/24,2.0565
2016/3/25,2.0617
2016/3/28,2.0636
2016/3/29,2.0645
2016/3/30,2.0849
2016/3/31,2.0615
2016/4/1,2.0635
2016/4/5,2.0615
2016/4/6,2.0864
2016/4/7,2.0627
2016/4/8,2.0699
2016/4/11,2.0952
2016/4/12,2.1051
2016/4/13,2.1174
2016/4/14,2.1414
2016/4/15,2.1433
2016/4/18,2.1483
2016/4/19,2.1495
2016/4/20,2.1527
2016/4/21,2.1876
2016/4/22,2.1286
2016/4/25,2.1688
2016/4/26,2.2589
2016/4/27,2.246
2016/4/28,2.2462
2016/4/29,2.2555
2016/5/3,2.3105
2016/5/4,2.3049
2016/5/5,2.302
2016/5/6,2.3146
2016/5/9,2.3663
2016/5/10,2.307
2016/5/11,2.3109
2016/5/12,2.3384
2016/5/13,2.3348
2016/5/16,2.3062
2016/5/17,2.3052
2016/5/18,2.3116
2016/5/19,2.3134
2016/5/20,2.3102
2016/5/23,2.3115
2016/5/24,2.3606
2016/5/25,2.3153
2016/5/26,2.3354
2016/5/27,2.3558
2016/5/30,2.3378
2016/5/31,2.3398
2016/6/1,2.3378
2016/6/2,2.3614
2016/6/3,2.3834
2016/6/6,2.3864
2016/6/7,2.3874
2016/6/8,2.3994
2016/6/12,2.3996
2016/6/13,2.3978
2016/6/14,2.3923
2016/6/15,2.3916
2016/6/16,2.3816
2016/6/17,2.3843
2016/6/20,2.3872
2016/6/21,2.3926
2016/6/22,2.393
2016/6/23,2.3929
2016/6/24,2.3868
2016/6/27,2.3811
2016/6/28,2.3793
2016/6/29,2.3829
2016/6/30,2.386
2016/7/1,2.3969
2016/7/4,2.3058
2016/7/5,2.3059
2016/7/6,2.3741
2016/7/7,2.3499
2016/7/8,2.3444
2016/7/11,2.3088
2016/7/12,2.328
2016/7/13,2.3289
2016/7/14,2.3322
2016/7/15,2.3348
2016/7/18,2.3269
2016/7/19,2.2843
2016/7/20,2.2649
2016/7/21,2.2685
2016/7/22,2.2644
2016/7/25,2.236
2016/7/26,2.2744
2016/7/27,2.2731
2016/7/28,2.2736
2016/7/29,2.2468
2016/8/1,2.1861
2016/8/2,2.1834
2016/8/3,2.109
2016/8/4,2.1165
2016/8/5,2.1186
2016/8/8,2.1191
2016/8/9,2.1383
2016/8/10,2.0752
2016/8/11,2.0713
2016/8/12,2.0678
2016/8/15,2.0576
2016/8/16,2.054
2016/8/17,2.016
2016/8/18,2.0161
2016/8/19,2.0119
2016/8/22,2.0123
2016/8/23,2.0104
2016/8/24,2.0268
2016/8/25,2.0245
2016/8/26,2.0192
2016/8/29,2.0193
2016/8/30,2.2144
2016/8/31,1.9183
2016/9/1,2.1365
2016/9/2,2.1399
2016/9/5,2.1439
2016/9/6,2.1497
2016/9/7,2.1489
2016/9/8,2.1608
2016/9/9,2.1733
2016/9/12,2.1849
2016/9/13,2.1945
2016/9/14,2.1906
2016/9/18,2.2013
2016/9/19,2.1928
2016/9/20,2.1989
2016/9/21,2.2035
2016/9/22,2.1978
2016/9/23,2.1972
2016/9/26,2.2104
2016/9/27,2.2031
2016/9/28,2.2073
2016/9/29,2.2031
2016/9/30,2.1956
2016/10/8,2.1851
2016/10/9,2.1749
2016/10/10,2.1644
2016/10/11,2.1644
2016/10/12,2.1679
2016/10/13,2.165
2016/10/14,2.1582
2016/10/17,2.1532
2016/10/18,2.1498
2016/10/19,2.1416
2016/10/20,2.1268
2016/10/21,2.1417
2016/10/24,2.1426
2016/10/25,2.1418
2016/10/26,2.1519
2016/10/27,2.1696
2016/10/28,2.1843
2016/10/31,2.1772
2016/11/1,2.1639
2016/11/2,2.1692
2016/11/3,2.1587
2016/11/4,2.1667
2016/11/7,2.1552
2016/11/8,2.1612
2016/11/9,2.1554
2016/11/10,2.1743
2016/11/11,2.1867
2016/11/14,2.1718
2016/11/15,2.1734
2016/11/16,2.1883
2016/11/17,2.2322
2016/11/18,2.2353
2016/11/21,2.2366
2016/11/22,2.237
2016/11/23,2.2402
2016/11/24,2.2406
2016/11/25,2.2487
2016/11/28,2.2548
2016/11/29,2.275
2016/11/30,2.3353
2016/12/1,2.368
2016/12/2,2.4667
2016/12/5,2.399
2016/12/6,2.4968
2016/12/7,2.4868
2016/12/8,2.4941
2016/12/9,2.5067
2016/12/12,2.5846
2016/12/13,2.7107
2016/12/14,2.7113
2016/12/15,2.8435
2016/12/16,2.9228
2016/12/19,3.0082
2016/12/20,3.1295
2016/12/21,3.0307
2016/12/22,2.8778
2016/12/23,2.8558
2016/12/26,2.81
2016/12/27,2.7703
2016/12/28,2.7747
2016/12/29,2.725
2016/12/30,2.6449
2017/1/3,2.6871
2017/1/4,2.7574
2017/1/5,2.784
2017/1/6,2.7846
2017/1/9,2.8155
2017/1/10,2.7435
2017/1/11,2.7334
2017/1/12,2.7273
2017/1/13,2.7057
2017/1/16,2.6376
2017/1/17,2.6657
2017/1/18,2.6687
2017/1/19,2.6567
2017/1/20,2.6645
2017/1/22,2.6534
2017/1/23,2.6544
2017/1/24,2.6313
2017/1/25,2.6925
2017/1/26,2.6884
2017/2/3,2.7387
2017/2/4,2.7347
2017/2/6,2.7991
2017/2/7,2.8019
2017/2/8,2.826
2017/2/9,2.8447
2017/2/10,2.8427
2017/2/13,2.8036
2017/2/14,2.8046
2017/2/15,2.8099
2017/2/16,2.7667
2017/2/17,2.7308
2017/2/20,2.7442
2017/2/21,2.7088
2017/2/22,2.741
2017/2/23,2.7654
2017/2/24,2.7489
2017/2/27,2.726
2017/2/28,2.7208
2017/3/1,2.734
2017/3/2,2.7759
2017/3/3,2.807
2017/3/6,2.8009
2017/3/7,2.8153
2017/3/8,2.8202
2017/3/9,2.8314
2017/3/10,2.8299
2017/3/13,2.8375
2017/3/14,2.8345
2017/3/15,2.8292
2017/3/16,2.8313
2017/3/17,2.8515
2017/3/20,2.8572
2017/3/21,2.8842
2017/3/22,2.877
2017/3/23,2.9166
2017/3/24,2.8728
2017/3/27,2.8688
2017/3/28,2.8601
2017/3/29,2.8845
2017/3/30,2.8661
2017/3/31,2.8645
2017/4/1,2.842
2017/4/5,2.8603
2017/4/6,2.9678
2017/4/7,2.9561
2017/4/10,2.9515
2017/4/11,2.9534
2017/4/12,2.9577
2017/4/13,2.9568
2017/4/14,2.9621
2017/4/17,3.0277
2017/4/18,3.0953
2017/4/19,3.1039
2017/4/20,3.1277
2017/4/21,3.1179
2017/4/24,3.1075
2017/4/25,3.1188
2017/4/26,3.1188
2017/4/27,3.1222
2017/4/28,3.2041
2017/5/2,3.1773
2017/5/3,3.1905
2017/5/4,3.3227
2017/5/5,3.3007
2017/5/8,3.2989
2017/5/9,3.317
2017/5/10,3.4627
2017/5/11,3.4649
2017/5/12,3.4677
2017/5/15,3.4955
2017/5/16,3.4726
2017/5/17,3.5174
2017/5/18,3.4841
2017/5/19,3.51
2017/5/22,3.5358
2017/5/23,3.5263
2017/5/24,3.5709
2017/5/25,3.571
2017/5/26,3.5613
2017/5/27,3.5322
2017/5/31,3.4988
2017/6/1,3.4795
2017/6/2,3.4831
2017/6/5,3.4978
2017/6/6,3.518
2017/6/7,3.5135
2017/6/8,3.6528
2017/6/9,3.6535
2017/6/12,3.6237
2017/6/13,3.5991
2017/6/14,3.62
2017/6/15,3.5764
2017/6/16,3.5989
2017/6/19,3.5889
2017/6/20,3.4858
2017/6/21,3.4898
2017/6/22,3.4904
2017/6/23,3.4903
2017/6/26,3.4678
2017/6/27,3.4148
2017/6/28,3.4255
2017/6/29,3.4265
2017/6/30,3.446
2017/7/3,3.4545
2017/7/4,3.4528
2017/7/5,3.4615
2017/7/6,3.456
2017/7/7,3.459
2017/7/10,3.4567
2017/7/11,3.4566
2017/7/12,3.4513
2017/7/13,3.4473
2017/7/14,3.4464
2017/7/17,3.424
2017/7/18,3.44
2017/7/19,3.4248
2017/7/20,3.4146
2017/7/21,3.393
2017/7/24,3.3862
2017/7/25,3.3764
2017/7/26,3.3895
2017/7/27,3.3854
2017/7/28,3.3825
2017/7/31,3.3838
2017/8/1,3.4096
2017/8/2,3.3975
2017/8/3,3.3946
2017/8/4,3.3869
2017/8/7,3.3524
2017/8/8,3.3735
2017/8/9,3.3689
2017/8/10,3.3664
2017/8/11,3.3545
2017/8/14,3.3507
2017/8/15,3.3366
2017/8/16,3.3468
2017/8/17,3.3446
2017/8/18,3.3355
2017/8/21,3.3364
2017/8/22,3.3381
2017/8/23,3.34
2017/8/24,3.3422
2017/8/25,3.3492
2017/8/28,3.3533
2017/8/29,3.3582
2017/8/30,3.3679
2017/8/31,3.3825
2017/9/1,3.3987
2017/9/4,3.4043
2017/9/5,3.428
2017/9/6,3.4283
2017/9/7,3.4799
2017/9/8,3.4661
2017/9/11,3.4601
2017/9/12,3.488
2017/9/13,3.4904
2017/9/14,3.479
2017/9/15,3.4675
2017/9/18,3.468
2017/9/19,3.4634
2017/9/20,3.4556
2017/9/21,3.4524
2017/9/22,3.4526
2017/9/25,3.4417
2017/9/26,3.4441
2017/9/27,3.4488
2017/9/28,3.4444
2017/9/29,3.4492
2017/9/30,3.4449
2017/10/9,3.4569
2017/10/10,3.4757
2017/10/11,3.49
2017/10/12,3.4851
2017/10/13,3.4753
2017/10/16,3.5119
2017/10/17,3.5045
2017/10/18,3.5036
2017/10/19,3.4855
2017/10/20,3.4878
2017/10/23,3.4812
2017/10/24,3.4797
2017/10/25,3.4831
2017/10/26,3.5066
2017/10/27,3.5387
2017/10/30,3.5352
2017/10/31,3.55
2017/11/1,3.5374
2017/11/2,3.563
2017/11/3,3.5729
2017/11/6,3.5767
2017/11/7,3.5867
2017/11/8,3.5864
2017/11/9,3.5508
2017/11/10,3.557
2017/11/13,3.561
2017/11/14,3.5714
2017/11/15,3.613
2017/11/16,3.6462
2017/11/17,3.6448
2017/11/20,3.6563
2017/11/21,3.6421
2017/11/22,3.6515
2017/11/23,3.652
2017/11/24,3.6418
2017/11/27,3.6515
2017/11/28,3.6826
2017/11/29,3.6576
2017/11/30,3.6503
2017/12/1,3.6585
2017/12/4,3.6341
2017/12/5,3.6431
2017/12/6,3.6491
2017/12/7,3.7492
2017/12/8,3.7517
2017/12/11,3.775
2017/12/12,3.8044
2017/12/13,3.7844
2017/12/14,3.7743
2017/12/15,3.7834
2017/12/18,3.7787
2017/12/19,3.7702
2017/12/20,3.7908
2017/12/21,3.805
2017/12/22,3.7824
2017/12/25,3.7918
2017/12/26,3.7873
2017/12/27,3.7666
2017/12/28,3.7911
2017/12/29,3.7579
2018/1/2,3.6953
2018/1/3,3.6707
2018/1/4,3.6117
2018/1/5,3.5941
2018/1/8,3.5653
2018/1/9,3.5548
2018/1/10,3.5595
2018/1/11,3.6009
2018/1/12,3.5874
2018/1/15,3.5948
2018/1/16,3.5801
2018/1/17,3.5886
2018/1/18,3.5774
2018/1/19,3.5662
2018/1/22,3.5552
2018/1/23,3.5479
2018/1/24,3.5405
2018/1/25,3.5171
2018/1/26,3.519
2018/1/29,3.5256
2018/1/30,3.5107
2018/1/31,3.5131
2018/2/1,3.4851
2018/2/2,3.4852
2018/2/5,3.4711
2018/2/6,3.4268
2018/2/7,3.4204
2018/2/8,3.4354
2018/2/9,3.4388
2018/2/11,3.4214
2018/2/12,3.418
2018/2/13,3.4187
2018/2/14,3.3924
2018/2/22,3.4197
2018/2/23,3.4379
2018/2/24,3.4161
2018/2/26,3.3773
2018/2/27,3.315
2018/2/28,3.3501
2018/3/1,3.2821
2018/3/2,3.2521
2018/3/5,3.2862
2018/3/6,3.2734
2018/3/7,3.2835
2018/3/8,3.2719
2018/3/9,3.2973
2018/3/12,3.2877
2018/3/13,3.2947
2018/3/14,3.3127
2018/3/15,3.2987
2018/3/16,3.3077
2018/3/19,3.3095
2018/3/20,3.3234
2018/3/21,3.2958
2018/3/22,3.2842
2018/3/23,3.2296
2018/3/26,3.2775
2018/3/27,3.277
2018/3/28,3.2862
2018/3/29,3.2868
2018/3/30,3.3029
2018/4/2,3.3193
2018/4/3,3.3072
2018/4/4,3.305
2018/4/8,3.2993
2018/4/9,3.2868
2018/4/10,3.2802
2018/4/11,3.2891
2018/4/12,3.2812
2018/4/13,3.2637
2018/4/16,3.1896
2018/4/17,3.1967
2018/4/18,3.0784
2018/4/19,2.9387
2018/4/20,3.0174
2018/4/23,2.9796
2018/4/24,3.0475
2018/4/25,3.0393
2018/4/26,3.0541
2018/4/27,3.0662
2018/4/28,3.0726
2018/5/2,3.0991
2018/5/3,3.1042
2018/5/4,3.102
2018/5/7,3.0596
2018/5/8,3.0763
2018/5/9,3.0624
2018/5/10,3.0649
2018/5/11,3.0584
2018/5/14,3.0689
2018/5/15,3.0909
2018/5/16,3.1148
2018/5/17,3.1425
2018/5/18,3.2001
2018/5/21,3.2062
2018/5/22,3.2284
2018/5/23,3.201
2018/5/24,3.1737
2018/5/25,3.196
2018/5/28,3.2168
2018/5/29,3.2265
2018/5/30,3.2261
2018/5/31,3.2315
2018/6/1,3.1591
2018/6/4,3.1628
2018/6/5,3.1919
2018/6/6,3.2158
2018/6/7,3.2217
2018/6/8,3.222
2018/6/11,3.1941
2018/6/12,3.2279
2018/6/13,3.2444
2018/6/14,3.2114
2018/6/15,3.2104
2018/6/19,3.2315
2018/6/20,3.2304
2018/6/21,3.2787
2018/6/22,3.2925
2018/6/25,3.2541
2018/6/26,3.2633
2018/6/27,3.2725
2018/6/28,3.2504
2018/6/29,3.1954
2018/7/2,3.1941
2018/7/3,3.1794
2018/7/4,3.084
2018/7/5,3.0612
2018/7/6,3.0596
2018/7/9,3.0379
2018/7/10,3.0616
2018/7/11,3.0624
2018/7/12,3.031
2018/7/13,3.0296
2018/7/16,3.0825
2018/7/17,3.0823
2018/7/18,3.0804
2018/7/19,3.0605
2018/7/20,2.9775
2018/7/23,3.0812
2018/7/24,3.0992
2018/7/25,3.101
2018/7/26,3.099
2018/7/27,3.0352
2018/7/30,2.9634
2018/7/31,2.9375
2018/8/1,2.8531
2018/8/2,2.8424
2018/8/3,2.7946
2018/8/6,2.7423
2018/8/7,2.6748
2018/8/8,2.6702
2018/8/9,2.7137
2018/8/10,2.7893
2018/8/13,2.8064
2018/8/14,2.8716
2018/8/15,2.8419
2018/8/16,2.8397
2018/8/17,2.9068
2018/8/20,2.9428
2018/8/21,2.9491
2018/8/22,2.9473
2018/8/23,2.8977
2018/8/24,2.8622
2018/8/27,2.8898
2018/8/28,2.9084
2018/8/29,2.8723
2018/8/30,2.873
2018/8/31,2.8644
2018/9/3,2.8706
2018/9/4,2.8691
2018/9/5,2.8669
2018/9/6,2.8721
2018/9/7,2.8757
2018/9/10,2.8863
2018/9/11,2.8979
2018/9/12,2.9062
2018/9/13,2.8876
2018/9/14,2.893
2018/9/17,2.8922
2018/9/18,2.9115
2018/9/19,2.906
2018/9/20,2.9139
2018/9/21,2.981
2018/9/25,3.0106
2018/9/26,3.0094
2018/9/27,3.0127
2018/9/28,2.9742
2018/9/29,2.9626
2018/9/30,2.938
2018/10/8,2.9843
2018/10/9,2.9603
2018/10/10,2.9426
2018/10/11,2.9228
2018/10/12,2.908
2018/10/15,2.9035
2018/10/16,2.8866
2018/10/17,2.9037
2018/10/18,2.903
2018/10/19,2.9069
2018/10/22,2.9248
2018/10/23,2.9117
2018/10/24,2.9079
2018/10/25,2.8788
2018/10/26,2.8599
2018/10/29,2.8561
2018/10/30,2.8387
2018/10/31,2.8492
2018/11/1,2.8332
2018/11/2,2.8339
2018/11/5,2.8195
2018/11/6,2.795
2018/11/7,2.7757
2018/11/8,2.7349
2018/11/9,2.6989
2018/11/12,2.7069
2018/11/13,2.6397
2018/11/14,2.5991
2018/11/15,2.5947
2018/11/16,2.5665
2018/11/19,2.5768
2018/11/20,2.5835
2018/11/21,2.5551
2018/11/22,2.5707
2018/11/23,2.5364
2018/11/26,2.5601
2018/11/27,2.5549
2018/11/28,2.5542
2018/11/29,2.5457
2018/11/30,2.5122
2018/12/3,2.5248
2018/12/4,2.5287
2018/12/5,2.5222
2018/12/6,2.5141
2018/12/7,2.5135
2018/12/10,2.5115
2018/12/11,2.4988
2018/12/12,2.4897
2018/12/13,2.5066
2018/12/14,2.514
2018/12/17,2.5145
2018/12/18,2.551
2018/12/19,2.5607
2018/12/20,2.6457
2018/12/21,2.5776
2018/12/24,2.6177
2018/12/25,2.6276
2018/12/26,2.6469
2018/12/27,2.6459
2018/12/28,2.5443
2018/12/29,2.4523
2019/1/2,2.5535
2019/1/3,2.448
2019/1/4,2.4223
2019/1/7,2.4048
2019/1/8,2.3918
2019/1/9,2.3382
2019/1/10,2.3618
2019/1/11,2.353
2019/1/14,2.3763
2019/1/15,2.4024
2019/1/16,2.3851
2019/1/17,2.3576
2019/1/18,2.3514
2019/1/21,2.3916
2019/1/22,2.4015
2019/1/23,2.3928
2019/1/24,2.3945
2019/1/25,2.3912
2019/1/28,2.3851
2019/1/29,2.3985
2019/1/30,2.3964
2019/1/31,2.3858
2019/2/1,2.3854
2019/2/2,2.3809
2019/2/3,2.3841
2019/2/11,2.3677
2019/2/12,2.3832
2019/2/13,2.3672
2019/2/14,2.3661
2019/2/15,2.3668
2019/2/18,2.3639
2019/2/19,2.3683
2019/2/20,2.324
2019/2/21,2.348
2019/2/22,2.3366
2019/2/25,2.37
2019/2/26,2.3714
2019/2/27,2.3952
2019/2/28,2.4126
2019/3/1,2.4419
2019/3/4,2.4553
2019/3/5,2.4606
2019/3/6,2.455
2019/3/7,2.448
2019/3/8,2.4755
2019/3/11,2.4487
2019/3/12,2.448
2019/3/13,2.4541
2019/3/14,2.4707
2019/3/15,2.4733
2019/3/18,2.4748
2019/3/19,2.4826
2019/3/20,2.4802
2019/3/21,2.456
2019/3/22,2.4678
2019/3/25,2.46
2019/3/26,2.4947
2019/3/27,2.496
2019/3/28,2.4937
2019/3/29,2.4801
2019/4/1,2.478
2019/4/2,2.4787
2019/4/3,2.483
2019/4/4,2.5022
2019/4/8,2.5208
2019/4/9,2.5116
2019/4/10,2.5286
2019/4/11,2.5534
2019/4/12,2.5544
2019/4/15,2.5951
2019/4/16,2.6066
2019/4/17,2.6577
2019/4/18,2.7053
2019/4/19,2.702
2019/4/22,2.7066
2019/4/23,2.7182
2019/4/24,2.7037
2019/4/25,2.724
2019/4/26,2.7097
2019/4/28,2.6845
2019/4/29,2.6943
2019/4/30,2.6981
2019/5/5,2.7152
2019/5/6,2.6676
2019/5/7,2.6723
2019/5/8,2.675
2019/5/9,2.6865
2019/5/10,2.686
2019/5/13,2.6689
2019/5/14,2.6725
2019/5/15,2.6961
2019/5/16,2.6804
2019/5/17,2.6832
2019/5/20,2.6414
2019/5/21,2.6596
2019/5/22,2.6715
2019/5/23,2.6577
2019/5/24,2.6781
2019/5/27,2.6649
2019/5/28,2.7147
2019/5/29,2.6856
2019/5/30,2.6722
2019/5/31,2.6237
2019/6/3,2.641
2019/6/4,2.6452
2019/6/5,2.6358
2019/6/6,2.6313
2019/6/10,2.6428
2019/6/11,2.6436
2019/6/12,2.655
2019/6/13,2.6618
2019/6/14,2.6795
2019/6/17,2.6863
2019/6/18,2.7129
2019/6/19,2.7118
2019/6/20,2.6742
2019/6/21,2.6496
2019/6/24,2.6525
2019/6/25,2.6517
2019/6/26,2.6478
2019/6/27,2.6207
2019/6/28,2.6199
2019/7/1,2.6392
2019/7/2,2.646
2019/7/3,2.6096
2019/7/4,2.5847
2019/7/5,2.582
2019/7/8,2.5884
2019/7/9,2.6028
2019/7/10,2.6155
2019/7/11,2.5813
2019/7/12,2.5987
2019/7/15,2.6017
2019/7/16,2.6078
2019/7/17,2.6147
2019/7/18,2.6309
2019/7/19,2.6373
2019/7/22,2.6335
2019/7/23,2.6253
2019/7/24,2.6232
2019/7/25,2.6239
2019/7/26,2.6247
2019/7/29,2.617
2019/7/30,2.6155
2019/7/31,2.6069
2019/8/1,2.5286
2019/8/2,2.4841
2019/8/5,2.4843
2019/8/6,2.4742
2019/8/7,2.4706
2019/8/8,2.4708
2019/8/9,2.4709
2019/8/12,2.4675
2019/8/13,2.4668
2019/8/14,2.4997
2019/8/15,2.4985
2019/8/16,2.4994
2019/8/19,2.4996
2019/8/20,2.4995
2019/8/21,2.4999
2019/8/22,2.5047
2019/8/23,2.4917
2019/8/26,2.5007
2019/8/27,2.4728
2019/8/28,2.5051
2019/8/29,2.5034
2019/8/30,2.5064
2019/9/2,2.6003
2019/9/3,2.6088
2019/9/4,2.6006
2019/9/5,2.5935
2019/9/6,2.5913
2019/9/9,2.591
2019/9/10,2.5959
2019/9/11,2.5905
2019/9/12,2.584
2019/9/16,2.5918
2019/9/17,2.574
2019/9/18,2.5746
2019/9/19,2.5762
2019/9/20,2.5765
2019/9/23,2.5813
2019/9/24,2.5758
2019/9/25,2.5832
2019/9/26,2.5703
2019/9/27,2.567
2019/9/29,2.5553
2019/9/30,2.5502
2019/10/8,2.5492
2019/10/9,2.5411
2019/10/10,2.5508
2019/10/11,2.5474
2019/10/12,2.5509
2019/10/14,2.5517
2019/10/15,2.542
2019/10/16,2.543
2019/10/17,2.5491
2019/10/18,2.545
2019/10/21,2.5611
2019/10/22,2.5715
2019/10/23,2.5719
2019/10/24,2.6053
2019/10/25,2.5885
2019/10/28,2.597
2019/10/29,2.6322
2019/10/30,2.6437
2019/10/31,2.6553
2019/11/1,2.6294
2019/11/4,2.6385
2019/11/5,2.6559
2019/11/6,2.6612
2019/11/7,2.6597
2019/11/8,2.6655
2019/11/11,2.658
2019/11/12,2.6552
2019/11/13,2.6569
2019/11/14,2.6794
2019/11/15,2.6898
2019/11/18,2.6761
2019/11/19,2.6763
2019/11/20,2.6598
2019/11/21,2.6454
2019/11/22,2.6381
2019/11/25,2.6488
2019/11/26,2.6474
2019/11/27,2.6452
2019/11/28,2.6399
2019/11/29,2.6472
2019/12/2,2.6503
2019/12/3,2.6485
2019/12/4,2.6437
2019/12/5,2.6467
2019/12/6,2.6469
2019/12/9,2.6519
2019/12/10,2.6582
2019/12/11,2.6692
2019/12/12,2.6741
2019/12/13,2.6654
2019/12/16,2.6477
2019/12/17,2.6429
2019/12/18,2.6503
2019/12/19,2.6382
2019/12/20,2.6082
2019/12/23,2.5904
2019/12/24,2.5298
2019/12/25,2.4895
2019/12/26,2.4525
2019/12/27,2.3939
2019/12/30,2.3657
2019/12/31,2.38
2020/1/2,2.4
2020/1/3,2.4358
2020/1/6,2.4127
2020/1/7,2.4026
2020/1/8,2.3856
2020/1/9,2.3604
2020/1/10,2.362
2020/1/13,2.3588
2020/1/14,2.3505
2020/1/15,2.3519
2020/1/16,2.3413
2020/1/17,2.3249
2020/1/19,2.3037
2020/1/20,2.3148
2020/1/21,2.2662
2020/1/22,2.248
2020/1/23,2.2184
2020/2/3,2.0805
2020/2/4,2.0805
2020/2/5,2.1327
2020/2/6,2.1317
2020/2/7,2.0951
2020/2/10,2.0673
2020/2/11,2.0597
2020/2/12,2.0905
2020/2/13,2.037
2020/2/14,2.0726
2020/2/17,2.0966
2020/2/18,2.0618
2020/2/19,2.0633
2020/2/20,2.0748
2020/2/21,2.055
2020/2/24,2.0027
2020/2/25,2.0041
2020/2/26,2.0296
2020/2/27,2.04
2020/2/28,2.0006
2020/3/2,2.0556
2020/3/3,2.0518
2020/3/4,2.0383
2020/3/5,2.0431
2020/3/6,2.0447
2020/3/9,1.951
2020/3/10,2.0069
2020/3/11,2.049
2020/3/12,2.0411
2020/3/13,2.0367
2020/3/16,2.0594
2020/3/17,2.0362
2020/3/18,2.047
2020/3/19,1.9671
2020/3/20,1.9523
2020/3/23,1.9407
2020/3/24,1.8598
2020/3/25,1.8211
2020/3/26,1.7199
2020/3/27,1.7427
2020/3/30,1.7472
2020/3/31,1.743
2020/4/1,1.7286
2020/4/2,1.6699
2020/4/3,1.6762
2020/4/7,1.4903
2020/4/8,1.2754
2020/4/9,1.1869
2020/4/10,1.1948
2020/4/13,1.2435
2020/4/14,1.2407
2020/4/15,1.2002
2020/4/16,1.197
2020/4/17,1.1834
2020/4/20,1.2139
2020/4/21,1.212
2020/4/22,1.1663
2020/4/23,1.1617
2020/4/24,1.1668
2020/4/26,1.2087
2020/4/27,1.219
2020/4/28,1.1966
2020/4/29,1.1899
2020/4/30,1.1643
2020/5/6,1.1796
2020/5/7,1.1973
2020/5/8,1.2188
2020/5/9,1.204
2020/5/11,1.2421
2020/5/12,1.2721
2020/5/13,1.2464
2020/5/14,1.2375
2020/5/15,1.2381
2020/5/18,1.2544
2020/5/19,1.2899
2020/5/20,1.2965
2020/5/21,1.3743
2020/5/22,1.3884
2020/5/25,1.3957
2020/5/26,1.4609
2020/5/27,1.5157
2020/5/28,1.5865
2020/5/29,1.589
2020/6/1,1.5387
2020/6/2,1.5777
2020/6/3,1.7409
2020/6/4,1.827
2020/6/5,2.0307
2020/6/8,2.0536
2020/6/9,2.0686
2020/6/10,2.0506
2020/6/11,2.1004
2020/6/12,2.033
2020/6/15,2.0215
2020/6/16,2.0624
2020/6/17,2.0866
2020/6/18,2.1187
2020/6/19,2.1094
2020/6/22,2.1168
2020/6/23,2.2042
2020/6/24,2.1418
2020/6/28,2.1235
2020/6/29,2.1136
2020/6/30,2.0781
2020/7/1,1.9725
2020/7/2,1.957
2020/7/3,1.9704
2020/7/6,1.9873
2020/7/7,2.0646
2020/7/8,2.0133
2020/7/9,2.0405
2020/7/10,2.0725
2020/7/13,2.0784
2020/7/14,2.0964
2020/7/15,2.0597
2020/7/16,2.1173
2020/7/17,2.0998
2020/7/20,2.1093
2020/7/21,2.1034
2020/7/22,2.1196
2020/7/23,2.1235
2020/7/24,2.1226
2020/7/27,2.1353
2020/7/28,2.1428
2020/7/29,2.1461
2020/7/30,2.1518
2020/7/31,2.1568
2020/8/3,2.1915
2020/8/4,2.1412
2020/8/5,2.1624
2020/8/6,2.1952
2020/8/7,2.2113
2020/8/10,2.2003
2020/8/11,2.1746
2020/8/12,2.1888
2020/8/13,2.2233
2020/8/14,2.2323
2020/8/17,2.2376
2020/8/18,2.2484
2020/8/19,2.2668
2020/8/20,2.3438
2020/8/21,2.3367
2020/8/24,2.3525
2020/8/25,2.3694
2020/8/26,2.397
2020/8/27,2.3908
2020/8/28,2.4133
2020/8/31,2.4206
2020/9/1,2.5044
2020/9/2,2.5346
2020/9/3,2.5742
2020/9/4,2.5824
2020/9/7,2.6239
2020/9/8,2.651
2020/9/9,2.6361
2020/9/10,2.6263
2020/9/11,2.6083
2020/9/14,2.6346
2020/9/15,2.638
2020/9/16,2.6202
2020/9/17,2.6256
2020/9/18,2.6333
2020/9/21,2.6293
2020/9/22,2.5899
2020/9/23,2.5854
2020/9/24,2.5838
2020/9/25,2.5977
2020/9/27,2.6055
2020/9/28,2.5941
2020/9/29,2.6214
2020/9/30,2.6458
2020/10/9,2.6433
2020/10/10,2.6708
2020/10/12,2.6706
2020/10/13,2.6765
2020/10/14,2.683
2020/10/15,2.6935
2020/10/16,2.7156
2020/10/19,2.7188
2020/10/20,2.7198
2020/10/21,2.712
2020/10/22,2.6778
2020/10/23,2.6808
2020/10/26,2.6959
2020/10/27,2.6979
2020/10/28,2.712
2020/10/29,2.7359
2020/10/30,2.7637
2020/11/2,2.7753
2020/11/3,2.765
2020/11/4,2.7589
2020/11/5,2.7604
2020/11/6,2.7687
2020/11/9,2.7986
2020/11/10,2.8141
2020/11/11,2.8054
2020/11/12,2.8164
2020/11/13,2.8431
2020/11/16,2.8581
2020/11/17,2.8686
2020/11/18,2.8991
2020/11/19,2.957
2020/11/20,2.9673
2020/11/23,2.9705
2020/11/24,2.96
2020/11/25,2.9743
2020/11/26,2.965
2020/11/27,2.971
2020/11/30,2.968
2020/12/1,2.8939
2020/12/2,2.9133
2020/12/3,2.9128
2020/12/4,2.9147
2020/12/7,2.9234
2020/12/8,2.9135
2020/12/9,2.8899
2020/12/10,2.8878
2020/12/11,2.879
2020/12/14,2.9074
2020/12/15,2.8693
2020/12/16,2.8143
2020/12/17,2.8288
2020/12/18,2.8038
2020/12/21,2.8047
2020/12/22,2.7694
2020/12/23,2.7532
2020/12/24,2.7375
2020/12/25,2.7262
2020/12/28,2.6941
2020/12/29,2.6639
2020/12/30,2.6333
2020/12/31,2.5973
2021/1/4,2.5579
2021/1/5,2.5813
2021/1/6,2.5076
2021/1/7,2.4051
2021/1/8,2.3917
2021/1/11,2.3949
2021/1/12,2.3364
2021/1/13,2.2657
2021/1/14,2.2591
2021/1/15,2.3131
2021/1/18,2.4234
2021/1/19,2.4758
2021/1/20,2.4971
2021/1/21,2.4963
2021/1/22,2.4718
2021/1/25,2.4806
2021/1/26,2.5128
2021/1/27,2.5506
2021/1/28,2.642
2021/1/29,2.7121
2021/2/1,2.5404
2021/2/2,2.5037
2021/2/3,2.5239
2021/2/4,2.5268
2021/2/5,2.5452
2021/2/7,2.541
2021/2/8,2.545
2021/2/9,2.5418
2021/2/10,2.5103
2021/2/18,2.5615
2021/2/19,2.5114
2021/2/20,2.4857
2021/2/22,2.4599
2021/2/23,2.4545
2021/2/24,2.4347
2021/2/25,2.4545
2021/2/26,2.4596
2021/3/1,2.5813
2021/3/2,2.5829
2021/3/3,2.5913
2021/3/4,2.5933
2021/3/5,2.6258
2021/3/8,2.6138
2021/3/9,2.6192
2021/3/10,2.6201
2021/3/11,2.628
2021/3/12,2.6246
2021/3/15,2.6416
2021/3/16,2.6337
2021/3/17,2.6323
2021/3/18,2.6333
2021/3/19,2.628
2021/3/22,2.6274
2021/3/23,2.6263
2021/3/24,2.595
2021/3/25,2.5987
2021/3/26,2.6089
2021/3/29,2.615
2021/3/30,2.5983
2021/3/31,2.5858
2021/4/1,2.6084
2021/4/2,2.607
2021/4/6,2.6329
2021/4/7,2.6281
2021/4/8,2.6317
2021/4/9,2.6217
2021/4/12,2.6197
2021/4/13,2.5908
2021/4/14,2.5974
2021/4/15,2.5914
2021/4/16,2.5918
2021/4/19,2.5906
2021/4/20,2.58
2021/4/21,2.5523
2021/4/22,2.5476
2021/4/23,2.53
2021/4/25,2.53
2021/4/26,2.5466
2021/4/27,2.5328
2021/4/28,2.5221
2021/4/29,2.4888
2021/4/30,2.4962
2021/5/6,2.3968
2021/5/7,2.3759
2021/5/8,2.3757
2021/5/10,2.3752
2021/5/11,2.362
2021/5/12,2.3477
2021/5/13,2.3813
2021/5/14,2.3761
2021/5/17,2.3975
2021/5/18,2.398
2021/5/19,2.3861
2021/5/20,2.3827
2021/5/21,2.3742
2021/5/24,2.3744
2021/5/25,2.3868
2021/5/26,2.3767
2021/5/27,2.385
2021/5/28,2.4049
2021/5/31,2.4225
2021/6/1,2.3735
2021/6/2,2.3673
2021/6/3,2.3667
2021/6/4,2.3726
2021/6/7,2.4215
2021/6/8,2.424
2021/6/9,2.4435
2021/6/10,2.4454
2021/6/11,2.4448
2021/6/15,2.4635
2021/6/16,2.4811
2021/6/17,2.4968
2021/6/18,2.4933
2021/6/21,2.5006
2021/6/22,2.5062
2021/6/23,2.4899
2021/6/24,2.447
2021/6/25,2.4358
2021/6/28,2.4216
2021/6/29,2.4368
2021/6/30,2.4498
2021/7/1,2.3805
2021/7/2,2.3746
2021/7/5,2.3731
2021/7/6,2.3708
2021/7/7,2.3514
2021/7/8,2.2563
2021/7/9,2.251
2021/7/12,2.2256
2021/7/13,2.2038
2021/7/14,2.1854
2021/7/15,2.1758
2021/7/16,2.1652
2021/7/19,2.1436
2021/7/20,2.124
2021/7/21,2.1176
2021/7/22,2.1074
2021/7/23,2.1012
2021/7/26,2.0717
2021/7/27,2.0894
2021/7/28,2.1453
2021/7/29,2.1369
2021/7/30,2.1007
2021/8/2,2.1835
2021/8/3,2.2003
2021/8/4,2.2204
2021/8/5,2.2246
2021/8/6,2.2253
2021/8/9,2.2553
2021/8/10,2.2688
2021/8/11,2.2992
2021/8/12,2.2803
2021/8/13,2.2925
2021/8/16,2.2946
2021/8/17,2.2978
2021/8/18,2.2821
2021/8/19,2.2725
2021/8/20,2.277
2021/8/23,2.285
2021/8/24,2.2936
2021/8/25,2.2946
2021/8/26,2.2986
2021/8/27,2.3009
2021/8/30,2.3134
2021/8/31,2.3113
2021/9/1,2.2563
2021/9/2,2.2593
2021/9/3,2.2654
2021/9/6,2.2674
2021/9/7,2.2742
2021/9/8,2.2801
2021/9/9,2.2826
2021/9/10,2.2861
2021/9/13,2.2967
2021/9/14,2.3491
2021/9/15,2.3346
2021/9/16,2.3483
2021/9/17,2.3369
2021/9/18,2.3348
2021/9/22,2.3251
2021/9/23,2.3304
2021/9/24,2.3375
2021/9/26,2.339
2021/9/27,2.3423
2021/9/28,2.3501
2021/9/29,2.3569
2021/9/30,2.3242
2021/10/8,2.3383
2021/10/9,2.3446
2021/10/11,2.3504
2021/10/12,2.3583
2021/10/13,2.3461
2021/10/14,2.3424
2021/10/15,2.3473
2021/10/18,2.3772
2021/10/19,2.3932
2021/10/20,2.382
2021/10/21,2.3717
2021/10/22,2.3528
2021/10/25,2.3564
2021/10/26,2.3565
2021/10/27,2.3462
2021/10/28,2.3468
2021/10/29,2.3373
2021/11/1,2.3444
2021/11/2,2.3398
2021/11/3,2.3359
2021/11/4,2.3292
2021/11/5,2.3163
2021/11/8,2.3259
2021/11/9,2.3378
2021/11/10,2.3303
2021/11/11,2.3461
2021/11/12,2.3453
2021/11/15,2.3384
2021/11/16,2.3388
2021/11/17,2.3487
2021/11/18,2.3442
2021/11/19,2.336
2021/11/22,2.3259
2021/11/23,2.3304
2021/11/24,2.3247
2021/11/25,2.3151
2021/11/26,2.3102
2021/11/29,2.3239
2021/11/30,2.3246
2021/12/1,2.3166
2021/12/2,2.3194
2021/12/3,2.326
2021/12/6,2.3073
2021/12/7,2.3148
2021/12/8,2.3214
2021/12/9,2.3337
2021/12/10,2.33
2021/12/13,2.3281
2021/12/14,2.3224
2021/12/15,2.3237
2021/12/16,2.3262
2021/12/17,2.3304
2021/12/20,2.3381
2021/12/21,2.3675
2021/12/22,2.3637
2021/12/23,2.3464
2021/12/24,2.3373
2021/12/27,2.3425
2021/12/28,2.3496
2021/12/29,2.3302
2021/12/30,2.3044
2021/12/31,2.2238
2022/1/4,2.2438
2022/1/5,2.2333
2022/1/6,2.2447
2022/1/7,2.229
2022/1/10,2.2075
2022/1/11,2.2046
2022/1/12,2.1947
2022/1/13,2.2015
2022/1/14,2.1948
2022/1/17,2.1851
2022/1/18,2.1513
2022/1/19,2.0865
2022/1/20,2.0756
2022/1/21,2.0692
2022/1/24,2.0217
2022/1/25,2.0206
2022/1/26,2.0504
2022/1/27,2.0497
2022/1/28,2.0366
2022/1/29,2.013
2022/1/30,2.0164
2022/2/7,1.9265
2022/2/8,1.9019
2022/2/9,1.9178
2022/2/10,1.9011
2022/2/11,1.9331
2022/2/14,1.9157
2022/2/15,1.9067
2022/2/16,1.8954
2022/2/17,1.923
2022/2/18,1.9478
2022/2/21,2.0209
2022/2/22,2.0551
2022/2/23,2.077
2022/2/24,2.0763
2022/2/25,2.0748
2022/2/28,2.0268
2022/3/1,2.0623
2022/3/2,2.0839
2022/3/3,2.117
2022/3/4,2.1287
2022/3/7,2.1157
2022/3/8,2.091
2022/3/9,2.115
2022/3/10,2.1363
2022/3/11,2.1643
2022/3/14,2.0968
2022/3/15,2.1341
2022/3/16,2.2021
2022/3/17,2.1897
2022/3/18,2.1659
2022/3/21,2.1817
2022/3/22,2.1963
2022/3/23,2.2065
2022/3/24,2.2015
2022/3/25,2.1986
2022/3/28,2.1955
2022/3/29,2.2087
2022/3/30,2.1958
2022/3/31,2.1896
2022/4/1,2.1864
2022/4/2,2.1561
2022/4/6,2.1421
2022/4/7,2.1378
2022/4/8,2.1378
2022/4/11,2.1474
2022/4/12,2.1556
2022/4/13,2.1405
2022/4/14,2.117
2022/4/15,2.0939
2022/4/18,2.1035
2022/4/19,2.1112
2022/4/20,2.1232
2022/4/21,2.1058
2022/4/22,2.0816
2022/4/24,2.0911
2022/4/25,2.0658
2022/4/26,2.0441
2022/4/27,2.0707
2022/4/28,2.1089
2022/4/29,2.1042
2022/5/5,2.1088
2022/5/6,2.1133
2022/5/7,2.1213
2022/5/9,2.1091
2022/5/10,2.0959
2022/5/11,2.0906
2022/5/12,2.0984
2022/5/13,2.0789
2022/5/16,2.0715
2022/5/17,2.0343
2022/5/18,2.0115
2022/5/19,2.01
2022/5/20,2.03
2022/5/23,2.0144
2022/5/24,2.0004
2022/5/25,2.0086
2022/5/26,1.9655
2022/5/27,1.9468
2022/5/30,1.9646
2022/5/31,1.9741
2022/6/1,1.9654
2022/6/2,1.9806
2022/6/6,2.0133
2022/6/7,2.0598
2022/6/8,2.038
2022/6/9,2.0369
2022/6/10,2.0175
2022/6/13,2.033
2022/6/14,2.053
2022/6/15,2.0468
2022/6/16,2.0472
2022/6/17,2.0303
2022/6/20,2.0342
2022/6/21,2.0323
2022/6/22,2.0216
2022/6/23,1.9976
2022/6/24,1.9921
2022/6/27,2.0273
2022/6/28,2.0266
2022/6/29,2.0318
2022/6/30,1.991
2022/7/1,1.9794
2022/7/4,2.005
2022/7/5,2.0382
2022/7/6,2.0291
2022/7/7,2.0168
2022/7/8,2.0033
2022/7/11,1.9865
2022/7/12,1.9822
2022/7/13,1.9714
2022/7/14,1.9608
2022/7/15,1.9461
2022/7/18,1.9219
2022/7/19,1.8908
2022/7/20,1.8845
2022/7/21,1.888
2022/7/22,1.8904
2022/7/25,1.8896
2022/7/26,1.8731
2022/7/27,1.8522
2022/7/28,1.8657
2022/7/29,1.8465
2022/8/1,1.8253
2022/8/2,1.7698
2022/8/3,1.7655
2022/8/4,1.7281
2022/8/5,1.7496
2022/8/8,1.7716
2022/8/9,1.8248
2022/8/10,1.833
2022/8/11,1.8709
2022/8/12,1.8533
2022/8/15,1.7467
2022/8/16,1.701
2022/8/17,1.7214
2022/8/18,1.711
2022/8/19,1.7179
2022/8/22,1.7302
2022/8/23,1.7585
2022/8/24,1.7646
2022/8/25,1.7852
2022/8/26,1.8097
2022/8/29,1.8001
2022/8/30,1.7502
2022/8/31,1.7461
2022/9/1,1.7419
2022/9/2,1.7261
2022/9/5,1.7247
2022/9/6,1.7175
2022/9/7,1.7348
2022/9/8,1.7495
2022/9/9,1.7654
2022/9/13,1.7899
2022/9/14,1.8026
2022/9/15,1.8258
2022/9/16,1.842
2022/9/19,1.8751
2022/9/20,1.8734
2022/9/21,1.8704
2022/9/22,1.8453
2022/9/23,1.8482
2022/9/26,1.8775
2022/9/27,1.9053
2022/9/28,1.9128
2022/9/29,1.9042
2022/9/30,1.9063
2022/10/8,1.8937
2022/10/9,1.8695
2022/10/10,1.8261
2022/10/11,1.8168
2022/10/12,1.8307
2022/10/13,1.8478
2022/10/14,1.8287
2022/10/17,1.8245
2022/10/18,1.8152
2022/10/19,1.8105
2022/10/20,1.8149
2022/10/21,1.8197
2022/10/24,1.8312
2022/10/25,1.8408
2022/10/26,1.823
2022/10/27,1.8177
2022/10/28,1.8207
2022/10/31,1.8109
2022/11/1,1.8196
2022/11/2,1.8194
2022/11/3,1.8177
2022/11/4,1.8154
2022/11/7,1.8105
2022/11/8,1.8454
2022/11/9,1.8642
2022/11/10,1.8589
2022/11/11,1.903
2022/11/14,2.0068
2022/11/15,2.1423
2022/11/16,2.1497
2022/11/17,2.2174
2022/11/18,2.1631
2022/11/21,2.1544
2022/11/22,2.1488
2022/11/23,2.1209
2022/11/24,2.059
2022/11/25,2.0484
2022/11/28,2.0754
2022/11/29,2.1044
2022/11/30,2.1225
2022/12/1,2.1609
2022/12/2,2.1904
2022/12/5,2.1966
2022/12/6,2.2019
2022/12/7,2.2234
2022/12/8,2.2685
2022/12/9,2.2773
2022/12/12,2.2818
2022/12/13,2.3279
2022/12/14,2.3126
2022/12/15,2.3002
2022/12/16,2.3339
2022/12/19,2.2865
2022/12/20,2.2938
2022/12/21,2.3055
2022/12/22,2.2884
2022/12/23,2.2519
2022/12/26,2.2327
2022/12/27,2.2514
2022/12/28,2.2792
2022/12/29,2.2189
2022/12/30,2.1777
2023/1/3,2.1452
2023/1/4,2.1228
2023/1/5,2.1141
2023/1/6,2.1352
2023/1/9,2.1423
2023/1/10,2.1625
2023/1/11,2.1923
2023/1/12,2.1368
2023/1/13,2.1443
2023/1/16,2.1755
2023/1/17,2.1719
2023/1/18,2.1624
2023/1/19,2.188
2023/1/20,2.184
2023/1/28,2.196
2023/1/29,2.1764
2023/1/30,2.1921
2023/1/31,2.1901
2023/2/1,2.1519
2023/2/2,2.1458
2023/2/3,2.1362
2023/2/6,2.1349
2023/2/7,2.151
2023/2/8,2.1644
2023/2/9,2.1661
2023/2/10,2.1556
2023/2/13,2.1574
2023/2/14,2.1829
2023/2/15,2.1897
2023/2/16,2.1752
2023/2/17,2.1983
2023/2/20,2.2236
2023/2/21,2.2579
2023/2/22,2.2598
2023/2/23,2.2626
2023/2/24,2.2882
2023/2/27,2.3026
2023/2/28,2.3153
2023/3/1,2.2884
2023/3/2,2.2866
2023/3/3,2.2909
2023/3/6,2.2615
2023/3/7,2.2624
2023/3/8,2.2453
2023/3/9,2.2517
2023/3/10,2.2495
2023/3/13,2.2665
2023/3/14,2.2627
2023/3/15,2.2615
2023/3/16,2.2563
2023/3/17,2.259
2023/3/20,2.2381
2023/3/21,2.2555
2023/3/22,2.2501
2023/3/23,2.2543
2023/3/24,2.2535
2023/3/27,2.2399
2023/3/28,2.2431
2023/3/29,2.2423
2023/3/30,2.2403
2023/3/31,2.2377
2023/4/3,2.245
2023/4/4,2.2476
2023/4/6,2.2441
2023/4/7,2.2403
2023/4/10,2.2413
2023/4/11,2.2304
2023/4/12,2.2268
2023/4/13,2.2163
2023/4/14,2.223
2023/4/17,2.2312
2023/4/18,2.2328
2023/4/19,2.2146
2023/4/20,2.2163
2023/4/21,2.214
2023/4/23,2.2168
2023/4/24,2.205
2023/4/25,2.197
2023/4/26,2.2
2023/4/27,2.1844
2023/4/28,2.1642
2023/5/4,2.1508
2023/5/5,2.1455
2023/5/6,2.1399
2023/5/8,2.1483
2023/5/9,2.1391
2023/5/10,2.1335
2023/5/11,2.0833
2023/5/12,2.0962
2023/5/15,2.1047
2023/5/16,2.1229
2023/5/17,2.1149
2023/5/18,2.1324
2023/5/19,2.11
2023/5/22,2.0978
2023/5/23,2.0531
2023/5/24,2.0413
2023/5/25,2.0525
2023/5/26,2.058
2023/5/29,2.0652
2023/5/30,2.0327
2023/5/31,2.027
2023/6/1,1.9846
2023/6/2,1.9819
2023/6/5,1.9809
2023/6/6,1.9406
2023/6/7,1.9224
2023/6/8,1.9256
2023/6/9,1.9127
2023/6/12,1.9035
2023/6/13,1.9009
2023/6/14,1.8935
2023/6/15,1.904
2023/6/16,1.9254
2023/6/19,1.9496
2023/6/20,1.9773
2023/6/21,1.9642
2023/6/25,1.9759
2023/6/26,1.9774
2023/6/27,1.9843
2023/6/28,1.986
2023/6/29,1.9887
2023/6/30,1.9656
2023/7/3,1.9554
2023/7/4,1.9214
2023/7/5,1.9098
2023/7/6,1.8885
2023/7/7,1.8974
2023/7/10,1.9083
2023/7/11,1.9043
2023/7/12,1.9097
2023/7/13,1.9075
2023/7/14,1.91
2023/7/17,1.9067
2023/7/18,1.8721
2023/7/19,1.8626
2023/7/20,1.871
2023/7/21,1.8654
2023/7/24,1.8835
2023/7/25,1.923
2023/7/26,1.9622
2023/7/27,1.9491
2023/7/28,1.9305
2023/7/31,1.9074
2023/8/1,1.9188
2023/8/2,1.9066
2023/8/3,1.9104
2023/8/4,1.9031
2023/8/7,1.9002
2023/8/8,1.9006
2023/8/9,1.9073
2023/8/10,1.9263
2023/8/11,1.9322
2023/8/14,1.9331
2023/8/15,1.7822
2023/8/16,1.8266
2023/8/17,1.8372
2023/8/18,1.8279
2023/8/21,1.8428
2023/8/22,1.8776
2023/8/23,1.8932
2023/8/24,1.8938
2023/8/25,1.8852
2023/8/28,1.9511
2023/8/29,1.9701
2023/8/30,1.9953
2023/8/31,1.9384
2023/9/1,1.9505
2023/9/4,2.0054
2023/9/5,1.9915
2023/9/6,2.0085
2023/9/7,2.0858
2023/9/8,2.0804
2023/9/11,2.1475
2023/9/12,2.1346
2023/9/13,2.1172
2023/9/14,2.1209
2023/9/15,2.1197
2023/9/18,2.1614
2023/9/19,2.187
2023/9/20,2.2135
2023/9/21,2.2152
2023/9/22,2.198
2023/9/25,2.208
2023/9/26,2.2343
2023/9/27,2.2399
2023/9/28,2.1744
2023/10/7,2.1679
2023/10/8,2.1493
2023/10/9,2.1505
2023/10/10,2.1987
2023/10/11,2.2305
2023/10/12,2.2506
2023/10/13,2.2092
2023/10/16,2.2001
2023/10/17,2.2274
2023/10/18,2.2506
2023/10/19,2.2865
2023/10/20,2.3129
2023/10/23,2.3035
2023/10/24,2.3221
2023/10/25,2.3182
2023/10/26,2.2756
2023/10/27,2.2891
2023/10/30,2.2726
2023/10/31,2.2625
2023/11/1,2.2959
2023/11/2,2.2209
2023/11/3,2.2263
2023/11/6,2.2323
2023/11/7,2.2385
2023/11/8,2.2609
2023/11/9,2.2506
2023/11/10,2.2329
2023/11/13,2.2326
2023/11/14,2.2164
2023/11/15,2.1754
2023/11/16,2.1276
2023/11/17,2.1482
2023/11/20,2.1604
2023/11/21,2.1785
2023/11/22,2.2836
2023/11/23,2.3321
2023/11/24,2.3272
2023/11/27,2.3707
2023/11/28,2.3676
2023/11/29,2.3634
2023/11/30,2.3423
2023/12/1,2.3521
2023/12/4,2.3761
2023/12/5,2.3948
2023/12/6,2.3999
2023/12/7,2.394
2023/12/8,2.3774
2023/12/11,2.3746
2023/12/12,2.3849
2023/12/13,2.3451
2023/12/14,2.3291
2023/12/15,2.3135
2023/12/18,2.2901
2023/12/19,2.2922
2023/12/20,2.3162
2023/12/21,2.3032
2023/12/22,2.2713
2023/12/25,2.2333
2023/12/26,2.1918
2023/12/27,2.1332
2023/12/28,2.0711
2023/12/29,2.078
2024/1/2,2.0813
2024/1/3,2.1365
2024/1/4,2.1274
2024/1/5,2.1078
2024/1/8,2.1193
2024/1/9,2.1035
2024/1/10,2.1079
2024/1/11,2.1138
2024/1/12,2.1035
2024/1/15,2.0964
2024/1/16,2.116
2024/1/17,2.1231
2024/1/18,2.1075
2024/1/19,2.1066
2024/1/22,2.0884
2024/1/23,2.0914
2024/1/24,2.0897
2024/1/25,2.0529
2024/1/26,2.0346
2024/1/29,2.0151
2024/1/30,1.9323
2024/1/31,1.945
2024/2/1,1.9459
2024/2/2,1.952
2024/2/4,1.9413
2024/2/5,1.9241
2024/2/6,1.9442
2024/2/7,1.9362
2024/2/8,1.9262
2024/2/9,1.9326
2024/2/18,1.9438
2024/2/19,1.9137
2024/2/20,1.8935
2024/2/21,1.8559
2024/2/22,1.8435
2024/2/23,1.8111
2024/2/26,1.8327
2024/2/27,1.831
2024/2/28,1.8405
2024/2/29,1.8364
2024/3/1,1.8001
2024/3/4,1.792
2024/3/5,1.7875
2024/3/6,1.7777
2024/3/7,1.7548
2024/3/8,1.7684
2024/3/11,1.7783
2024/3/12,1.8093
2024/3/13,1.8243
2024/3/14,1.8601
2024/3/15,1.8481
2024/3/18,1.8258
2024/3/19,1.7809
2024/3/20,1.7777
2024/3/21,1.795
2024/3/22,1.7852
2024/3/25,1.804
2024/3/26,1.8089
2024/3/27,1.8025
2024/3/28,1.7756
2024/3/29,1.76
2024/4/1,1.7578
2024/4/2,1.7502
2024/4/3,1.7422
2024/4/7,1.7481
2024/4/8,1.7338
2024/4/9,1.7116
2024/4/10,1.7204
2024/4/11,1.7132
2024/4/12,1.7022
2024/4/15,1.7126
2024/4/16,1.7371
2024/4/17,1.7398
2024/4/18,1.7219
2024/4/19,1.7032
2024/4/22,1.7034
2024/4/23,1.6939
2024/4/24,1.7002
2024/4/25,1.6447
2024/4/26,1.6515
2024/4/28,1.693
2024/4/29,1.7813
2024/4/30,1.7241
2024/5/6,1.6904
2024/5/7,1.6986
2024/5/8,1.7087
2024/5/9,1.7189
2024/5/10,1.7111
2024/5/11,1.7192
2024/5/13,1.67
2024/5/14,1.635
2024/5/15,1.6269
2024/5/16,1.6293
2024/5/17,1.6361
2024/5/20,1.6134
2024/5/21,1.6238
2024/5/22,1.619
2024/5/23,1.6177
2024/5/24,1.6332
2024/5/27,1.6757
2024/5/28,1.6612
2024/5/29,1.6586
2024/5/30,1.6582
2024/5/31,1.6514
2024/6/3,1.6466
2024/6/4,1.6442
2024/6/5,1.6363
2024/6/6,1.6195
2024/6/7,1.615
2024/6/11,1.6069
2024/6/12,1.6062
2024/6/13,1.6148
2024/6/14,1.6125
2024/6/17,1.617
2024/6/18,1.619
2024/6/19,1.6198
2024/6/20,1.6059
2024/6/21,1.6186
2024/6/24,1.6105
2024/6/25,1.5779
2024/6/26,1.5605
2024/6/27,1.5532
2024/6/28,1.5492
2024/7/1,1.5419
2024/7/2,1.5497
2024/7/3,1.5407
2024/7/4,1.5337
2024/7/5,1.5344
2024/7/8,1.582
2024/7/9,1.5607
2024/7/10,1.5584
2024/7/11,1.551
2024/7/12,1.5432
2024/7/15,1.5395
2024/7/16,1.5366
2024/7/17,1.5287
2024/7/18,1.5344
2024/7/19,1.529
2024/7/22,1.4937
2024/7/23,1.483
2024/7/24,1.4671
2024/7/25,1.4602
2024/7/26,1.4615
2024/7/29,1.4769
2024/7/30,1.4726
2024/7/31,1.4681
2024/8/1,1.4637
2024/8/2,1.3976
2024/8/5,1.4085
2024/8/6,1.4089
2024/8/7,1.4076
2024/8/8,1.4424
2024/8/9,1.4819
2024/8/12,1.5322
2024/8/13,1.5262
2024/8/14,1.4818
2024/8/15,1.5231
2024/8/16,1.5389
2024/8/19,1.5456
2024/8/20,1.5458
2024/8/21,1.5754
2024/8/22,1.5334
2024/8/23,1.5109
2024/8/26,1.4967
2024/8/27,1.498
2024/8/28,1.5156
2024/8/29,1.4913
2024/8/30,1.4876
2024/9/2,1.4701
2024/9/3,1.4594
2024/9/4,1.4375
2024/9/5,1.4437
2024/9/6,1.4371
2024/9/9,1.4187
2024/9/10,1.3815
2024/9/11,1.3244
2024/9/12,1.2994
2024/9/13,1.3075
2024/9/14,1.3076
2024/9/18,1.325
2024/9/19,1.3642
2024/9/20,1.3769
2024/9/23,1.3868
2024/9/24,1.395
2024/9/25,1.3933
2024/9/26,1.3829
2024/9/27,1.4258
2024/9/29,1.4819
2024/9/30,1.4104
2024/10/8,1.3751
2024/10/9,1.4203
2024/10/10,1.4443
2024/10/11,1.4497
2024/10/12,1.4457
2024/10/14,1.4535
2024/10/15,1.4666
2024/10/16,1.464
2024/10/17,1.4552
2024/10/18,1.4295
2024/10/21,1.4545
2024/10/22,1.4462
2024/10/23,1.447
2024/10/24,1.4513
2024/10/25,1.4286
2024/10/28,1.4206
2024/10/29,1.4115
2024/10/30,1.3974
2024/10/31,1.3929
2024/11/1,1.3885
2024/11/4,1.4079
2024/11/5,1.4083
2024/11/6,1.4081
2024/11/7,1.3949
2024/11/8,1.4032
2024/11/11,1.4044
2024/11/12,1.399
2024/11/13,1.3983
2024/11/14,1.3914
2024/11/15,1.3838
2024/11/18,1.3755
2024/11/19,1.3672
2024/11/20,1.3546
2024/11/21,1.3534
2024/11/22,1.3518
2024/11/25,1.3568
2024/11/26,1.3911
2024/11/27,1.3826
2024/11/28,1.3809
2024/11/29,1.3664
2024/12/2,1.349
2024/12/3,1.3447
2024/12/4,1.343
2024/12/5,1.3272
2024/12/6,1.3424
2024/12/9,1.3428
2024/12/10,1.3254
2024/12/11,1.3035
2024/12/12,1.2349
2024/12/13,1.1988
2024/12/16,1.1362
2024/12/17,1.1245
2024/12/18,1.0927
2024/12/19,1.0506
2024/12/20,0.9751
2024/12/23,0.8769
2024/12/24,0.8297
2024/12/25,0.8982
2024/12/26,0.9478
2024/12/27,1.0073
2024/12/30,1.0523
2024/12/31,1.0895
2025/1/2,1.0676
2025/1/3,1.0572
2025/1/6,1.0328
2025/1/7,1.0602
2025/1/8,1.1056
2025/1/9,1.167
2025/1/10,1.24
2025/1/13,1.2029
2025/1/14,1.2149
2025/1/15,1.212
2025/1/16,1.2301
2025/1/17,1.2465
2025/1/20,1.2408
2025/1/21,1.2607
2025/1/22,1.2682
2025/1/23,1.2619
2025/1/24,1.2714
2025/1/26,1.2876
2025/1/27,1.2363
2025/2/5,1.241
2025/2/6,1.2288
2025/2/7,1.2134
2025/2/8,1.2101
2025/2/10,1.2412
2025/2/11,1.2691
2025/2/12,1.2556
2025/2/13,1.2757
2025/2/14,1.319
2025/2/17,1.3853
2025/2/18,1.4524
2025/2/19,1.4464
2025/2/20,1.4556
2025/2/21,1.4689
2025/2/24,1.4769
2025/2/25,1.4751
2025/2/26,1.4622
2025/2/27,1.4714
2025/2/28,1.4981
2025/3/3,1.4641
2025/3/4,1.4449
2025/3/5,1.4469
2025/3/6,1.4699
2025/3/7,1.5064
2025/3/10,1.5582
2025/3/11,1.5814
2025/3/12,1.5937
2025/3/13,1.5405
2025/3/14,1.5653
2025/3/17,1.5693
2025/3/18,1.5674
2025/3/19,1.5666
2025/3/20,1.5478
2025/3/21,1.5374
2025/3/24,1.5393
2025/3/25,1.5218
2025/3/26,1.5227
2025/3/27,1.5165
2025/3/28,1.5161
2025/3/31,1.5176
2025/4/1,1.5354
2025/4/2,1.5451
2025/4/3,1.5025
2025/4/7,1.4506
2025/4/8,1.4506
2025/4/9,1.4559
2025/4/10,1.4323
2025/4/11,1.3977
2025/4/14,1.4028
2025/4/15,1.407
2025/4/16,1.4174
2025/4/17,1.4194
2025/4/18,1.4379
2025/4/21,1.4431
2025/4/22,1.4399
2025/4/23,1.4494
2025/4/24,1.4449
2025/4/25,1.4552
2025/4/27,1.4637
2025/4/28,1.4596
2025/4/29,1.4589
2025/4/30,1.4553
2025/5/6,1.4607
2025/5/7,1.4462
2025/5/8,1.4155
2025/5/9,1.4043
2025/5/12,1.4076
2025/5/13,1.4296
2025/5/14,1.4177
2025/5/15,1.4289
2025/5/16,1.4489
2025/5/19,1.4453
2025/5/20,1.4377
2025/5/21,1.4489
2025/5/22,1.4417
2025/5/23,1.4519
2025/5/26,1.4511
2025/5/27,1.4516
2025/5/28,1.4678
2025/5/29,1.4766
2025/5/30,1.4669
2025/6/3,1.464
2025/6/4,1.4605
2025/6/5,1.4355
2025/6/6,1.4156
2025/6/9,1.4119
2025/6/10,1.4085
2025/6/11,1.4069
2025/6/12,1.4072
2025/6/13,1.4075
2025/6/16,1.3997
2025/6/17,1.3951
2025/6/18,1.3749
2025/6/19,1.362
2025/6/20,1.3646
2025/6/23,1.3554
2025/6/24,1.3614
2025/6/25,1.3628
2025/6/26,1.3637
2025/6/27,1.3577
2025/6/30,1.3469
2025/7/1,1.3427
2025/7/2,1.3403
2025/7/3,1.3404
2025/7/4,1.3377
2025/7/7,1.3381
2025/7/8,1.348
2025/7/9,1.3638
2025/7/10,1.3714
2025/7/11,1.3834
2025/7/14,1.3757
2025/7/15,1.3662
2025/7/16,1.3623
2025/7/17,1.3592
2025/7/18,1.3548
2025/7/21,1.3598
2025/7/22,1.3514
2025/7/23,1.3732
2025/7/24,1.3891
2025/7/25,1.412
2025/7/28,1.3805
2025/7/29,1.3788
2025/7/30,1.4059
2025/7/31,1.3808
2025/8/1,1.3816
2025/8/4,1.3592
2025/8/5,1.3767
2025/8/6,1.3693
2025/8/7,1.364
2025/8/8,1.3606
2025/8/11,1.356
2025/8/12,1.3626
2025/8/13,1.3762
2025/8/14,1.3677
2025/8/15,1.3697
2025/8/18,1.3751
2025/8/19,1.4016
2025/8/20,1.3845
2025/8/21,1.3895
2025/8/22,1.3905
2025/8/25,1.3749
2025/8/26,1.3613
2025/8/27,1.3612
2025/8/28,1.3656
2025/8/29,1.3709
2025/9/1,1.3681
2025/9/2,1.3659
2025/9/3,1.3661
2025/9/4,1.3671
2025/9/5,1.3826
2025/9/8,1.3995
2025/9/9,1.397
2025/9/10,1.4019
2025/9/11,1.4126
2025/9/12,1.3986
2025/9/15,1.4014
2025/9/16,1.4002
2025/9/17,1.3984
2025/9/18,1.3924
2025/9/19,1.3888
2025/9/22,1.3875
2025/9/23,1.3945
2025/9/24,1.3911
2025/9/25,1.4051
2025/9/26,1.3918
2025/9/28,1.3933
2025/9/29,1.4005
2025/9/30,1.3928
2025/10/9,1.3825
2025/10/10,1.3799
2025/10/11,1.3848
2025/10/13,1.3871
2025/10/14,1.3976
2025/10/15,1.4159
2025/10/16,1.4217
2025/10/17,1.4126
2025/10/20,1.4159
2025/10/21,1.4211
2025/10/22,1.4165
2025/10/23,1.4149
2025/10/24,1.4152
2025/10/27,1.3944
2025/10/28,1.3822
2025/10/29,1.3348
2025/10/30,1.3347
2025/10/31,1.3313
2025/11/3,1.3446
2025/11/4,1.3553
2025/11/5,1.3581
2025/11/6,1.3571
2025/11/7,1.3567
2025/11/10,1.3582
2025/11/11,1.3489
2025/11/12,1.3444
2025/11/13,1.342
2025/11/14,1.3427
2025/11/17,1.3457
2025/11/18,1.3431
2025/11/19,1.344
2025/11/20,1.342
2025/11/21,1.342
2025/11/24,1.3408
2025/11/25,1.3461
2025/11/26,1.3476
2025/11/27,1.3557
2025/11/28,1.3538
2025/12/1,1.3513
2025/12/2,1.3508
2025/12/3,1.3457
2025/12/4,1.3405
2025/12/5,1.3393
2025/12/8,1.3404
2025/12/9,1.3369
2025/12/10,1.3334
2025/12/11,1.3247
2025/12/12,1.3906
2025/12/15,1.3862
2025/12/16,1.3857
2025/12/17,1.3827
2025/12/18,1.3771
2025/12/19,1.3608
2025/12/22,1.359
2025/12/23,1.3481
2025/12/24,1.3404
2025/12/25,1.3225
2025/12/26,1.2881
2025/12/29,1.3183
2025/12/30,1.3415
2025/12/31,1.3418
2026/1/5,
2026/1/6,
2026/1/7,
2026/1/8,
2026/1/9,
2026/1/12,
2026/1/13,
2026/1/14,
2026/1/15,
2026/1/16,
2026/1/19,
2026/1/20,
2026/1/21,
2026/1/22,
2026/1/23,
2026/1/26,
2026/1/27,
2026/1/28,
2026/1/29,
2026/1/30,